{"\uc654\ub2e4 \uac14\ub2e4 (feat. Hoody)": [
        0.085164,
        0.4793,
        0.35237700000000005,
        0.5951000000000001,
        0.9644000000000001,
        0.5089,
        0.29624249999999996
    ],
    "Beyond Love (Feat. 10CM)": [
        0.1764226,
        0.3873,
        0.45375400000000005,
        0.5313,
        0.8704000000000001,
        0.3589,
        0.5268050000000001
    ],
    "when i was young": [
        0.14151590000000003,
        0.6556,
        0.462985,
        0.563,
        1.013,
        0.5804,
        0.3934425
    ],
    "Rewind (Feat. SOLE)": [
        0.09117500000000002,
        0.4562,
        0.368312,
        0.5394,
        1.0292,
        0.46140000000000003,
        0.29638000000000003
    ],
    "Girlfriend": [
        0.10330109999999999,
        0.23340000000000002,
        0.21094400000000002,
        0.7365999999999999,
        0.3032,
        0.21619999999999998,
        0.30363
    ],
    "airplane-mode": [
        0.0974981,
        0.49150000000000005,
        0.308042,
        0.6667000000000001,
        0.8502,
        0.42910000000000004,
        0.30431
    ],
    "Everyday is you (feat. Jaehee)": [
        0.12439570000000001,
        0.5843,
        0.535353,
        0.39990000000000003,
        0.8133999999999999,
        0.6199,
        0.4009725
    ],
    "Black Heart (feat. Leellamarz, BE'O)": [
        0.16974989999999998,
        0.4093,
        0.394473,
        0.7132999999999999,
        0.4578000000000001,
        0.4041,
        0.5807125
    ],
    "aura (Feat.Sam Kim)": [
        0.09727770000000001,
        0.5061,
        0.339911,
        0.6186999999999999,
        0.9838000000000001,
        0.5053000000000001,
        0.3045125
    ],
    "LALALA (feat. YOUHA)": [
        0.078158,
        0.3437,
        0.195332,
        0.7551,
        0.4058000000000001,
        0.18370000000000003,
        0.26538
    ],
    "Chance (Feat. Peakboy (\ud53d\ubcf4\uc774))": [
        0.0882629,
        0.39189999999999997,
        0.356673,
        0.5205,
        0.9703999999999999,
        0.36429999999999996,
        0.25921249999999996
    ],
    "Rainy day (Feat. ASH ISLAND, Skinny Brown)": [
        0.16199800000000003,
        0.5766,
        0.447861,
        0.5808000000000001,
        1.09,
        0.46340000000000003,
        0.4655025
    ],
    "Braindead": [
        0.07364490000000001,
        0.3494,
        0.18904700000000002,
        0.7288,
        0.4744000000000001,
        0.38380000000000003,
        0.25836250000000005
    ],
    "MOVIE": [
        0.0751524,
        0.5128,
        0.38831499999999997,
        0.5918,
        0.9426000000000001,
        0.49,
        0.3061175
    ],
    "time": [
        0.1406832,
        0.39946000000000004,
        0.372726,
        0.61262,
        0.8700400000000001,
        0.28066,
        0.378975
    ],
    "FRR": [
        0.15414000000000003,
        0.5992,
        0.42798,
        0.575,
        1.1442,
        0.5984,
        0.4241499999999999
    ],
    "FRIENDS": [
        0.1815783,
        0.2816,
        0.29499700000000006,
        0.7158000000000001,
        0.32200000000000006,
        0.1644,
        0.5029525
    ],
    "Johnny": [
        0.10135580000000001,
        0.30069999999999997,
        0.225845,
        0.6963,
        0.4497999999999999,
        0.2587,
        0.3069025
    ],
    "glitter eyes": [
        0.11137029999999999,
        0.40390000000000004,
        0.36559100000000005,
        0.5945,
        0.9044000000000001,
        0.3643,
        0.3249375
    ],
    "THE BLUE": [
        0.1354986,
        0.44784,
        0.44509200000000004,
        0.49527999999999994,
        0.90976,
        0.35944000000000004,
        0.37905
    ],
    "I Am You, You Are Me": [
        0.0985629,
        0.3687,
        0.336675,
        0.6588999999999999,
        0.6634000000000001,
        0.32150000000000006,
        0.34271749999999995
    ],
    "Angel (Feat. PL)": [
        0.0861825,
        0.39440000000000003,
        0.26172300000000004,
        0.6322,
        0.7008000000000001,
        0.388,
        0.2443125
    ],
    "Coming To You": [
        0.10149319999999999,
        0.32450000000000007,
        0.308846,
        0.6517000000000001,
        0.6218000000000001,
        0.2509,
        0.325455
    ],
    "Grown Child (Feat. BIG Naughty)": [
        0.133239,
        0.6347999999999999,
        0.5019269999999999,
        0.5044,
        0.9756,
        0.65,
        0.41196749999999993
    ],
    "2 O' CLOCK": [
        0.09346510000000001,
        0.4545,
        0.25064400000000003,
        0.7297,
        0.645,
        0.4005,
        0.27053
    ],
    "Vancouver": [
        0.09095800000000001,
        0.3975,
        0.277083,
        0.6361000000000001,
        0.6878000000000001,
        0.3559,
        0.28930750000000005
    ],
    "yours": [
        0.1104118,
        0.6320999999999999,
        0.5069509999999999,
        0.4153,
        0.7674000000000001,
        0.6440999999999999,
        0.33618750000000003
    ],
    "If I Die Tomorrow": [
        0.08842820000000003,
        0.5546,
        0.432145,
        0.4612,
        0.8012,
        0.487,
        0.2617375
    ],
    "\uadf8\uac74 \uc544\ub9c8 \uc6b0\ub9ac\uc758 \uc798\ubabb\uc740 \uc544\ub2d0\uac70\uc57c": [
        0.19318069999999998,
        0.5372,
        0.429626,
        0.5642,
        0.9026000000000001,
        0.4956,
        0.5454549999999999
    ],
    "Boat": [
        0.142043,
        0.2689,
        0.347099,
        0.7715000000000001,
        0.23379999999999992,
        0.2425,
        0.5686475
    ],
    "Hide and seek": [
        0.08295,
        0.32644999999999996,
        0.27801299999999995,
        0.62435,
        0.6668999999999999,
        0.24925,
        0.32423250000000003
    ],
    "Suddenly": [
        0.10630790000000001,
        0.4545,
        0.343128,
        0.6527000000000001,
        0.8348,
        0.44489999999999996,
        0.32815
    ],
    "\ucc45\uc744 \ub118\uae30\ub294 \ub4ef\ud55c \ub9c8\uc74c\uc73c\ub85c": [
        0.1866575,
        0.4999,
        0.509008,
        0.5101,
        0.9856000000000001,
        0.5119,
        0.5815699999999999
    ],
    "Tale": [
        0.1637176,
        0.4925800000000001,
        0.5879530000000001,
        0.38326000000000005,
        0.59512,
        0.44178000000000006,
        0.49160249999999994
    ],
    "smallthing": [
        0.11559389999999999,
        0.3517,
        0.35612099999999997,
        0.7034999999999999,
        0.587,
        0.31930000000000003,
        0.4049325
    ],
    "End Better (Feat. Skinny Brown)": [
        0.10649759999999998,
        0.6041,
        0.4148629999999999,
        0.5461,
        1.0148,
        0.5253,
        0.30132749999999997
    ],
    "All I Have": [
        0.0941577,
        0.5629,
        0.343707,
        0.5645,
        1.0877999999999999,
        0.5605,
        0.2559325
    ],
    "April Sadness (feat. JUNE)": [
        0.0794388,
        0.5085,
        0.398862,
        0.4605,
        0.9264,
        0.5097,
        0.242915
    ],
    "My Light": [
        0.11927360000000001,
        0.2486,
        0.249632,
        0.716,
        0.4331999999999999,
        0.23099999999999998,
        0.337645
    ],
    "I MISS YOU": [
        0.09916710000000002,
        0.36549999999999994,
        0.31153999999999993,
        0.6025,
        0.7057999999999999,
        0.3619,
        0.30487
    ],
    "freely": [
        0.1410579,
        0.3634,
        0.22721200000000003,
        0.7612,
        0.39540000000000003,
        0.3778,
        0.39502500000000007
    ],
    "Money Machine": [
        0.145409,
        0.3031,
        0.321218,
        0.7469,
        0.37520000000000003,
        0.3275,
        0.49854499999999996
    ],