{
    "First Love": [
        0.24236800000000003,
        0.4729999999999999,
        0.428236,
        0.7176,
        0.6279999999999999,
        0.2824,
        0.5995900000000001
    ],
    "\ub0b4\uac00 \uc800\uc9c0\ub978 \uc0ac\ub791": [
        0.25748,
        0.6955,
        0.70274,
        0.32,
        0.51,
        0.6799999999999999,
        0.63935
    ],
    "Ugly": [
        0.258488,
        0.593,
        0.545132,
        0.5848,
        0.964,
        0.4152,
        0.63983
    ],
    "REALLY REALLY": [
        0.208319,
        0.524,
        0.45741200000000004,
        0.6186,
        0.8380000000000001,
        0.3814000000000001,
        0.51503
    ],
    "FAKE LOVE": [
        0.15715900000000002,
        0.6748999999999999,
        0.548602,
        0.41900000000000004,
        0.688,
        0.5810000000000001,
        0.38750500000000004
    ],
    "My Destiny": [
        0.255601,
        0.7562,
        0.79009,
        0.17300000000000001,
        0.21399999999999997,
        0.8270000000000001,
        0.635725
    ],
    "\uc8fd\uc5b4\ub3c4 \ubabb \ubcf4\ub0b4": [
        0.27599,
        0.5548,
        0.549662,
        0.5872,
        0.9199999999999999,
        0.4128,
        0.684155
    ],
    "PLAYING WITH FIRE": [
        0.19634800000000002,
        0.45559999999999995,
        0.38967399999999996,
        0.6908000000000001,
        0.6519999999999999,
        0.3092,
        0.48518500000000003
    ],
    "\ub208\ubb3c (Feat. \uc720\uc9c4 Of \ub354 \uc528\uc57c)": [
        0.19856400000000002,
        0.4668,
        0.37599600000000005,
        0.7312,
        0.6000000000000001,
        0.26880000000000004,
        0.48999000000000004
    ],
    "Memory Of The Wind": [
        0.26821200000000006,
        0.7374999999999999,
        0.789534,
        0.1884,
        0.258,
        0.8116000000000001,
        0.667335
    ],
    "Living in the Same Time": [
        0.268452,
        0.6194999999999999,
        0.66834,
        0.36560000000000004,
        0.662,
        0.6344000000000001,
        0.66735
    ],
    "Cherry Blossom Ending": [
        0.24191300000000002,
        0.4366,
        0.442106,
        0.6642000000000001,
        0.6739999999999999,
        0.3358,
        0.599765
    ],
    "Yeosu Night Sea": [
        0.39987800000000007,
        0.6905,
        0.8621840000000001,
        0.2812,
        0.45399999999999996,
        0.7188000000000001,
        0.9959600000000001
    ],
    "Wild Flower": [
        0.27036400000000005,
        0.6237,
        0.721198,
        0.262,
        0.494,
        0.738,
        0.6734950000000001
    ],
    "Boy With Luv (feat. Halsey)": [
        0.242568,
        0.39999999999999997,
        0.361182,
        0.8108000000000001,
        0.4039999999999999,
        0.18919999999999998,
        0.599955
    ],
    "Galaxy \uc6b0\uc8fc\ub97c \uc904\uac8c": [
        0.16807,
        0.45699999999999996,
        0.348028,
        0.7196,
        0.6080000000000001,
        0.2804000000000001,
        0.41406999999999994
    ],
    "Knock Knock": [
        0.262848,
        0.6572,
        0.574344,
        0.5744,
        0.952,
        0.42560000000000003,
        0.64986
    ],
    "Feel Special": [
        0.26084300000000005,
        0.5368999999999999,
        0.47156600000000004,
        0.707,
        0.712,
        0.293,
        0.644915
    ],
    "As If It's Your Last": [
        0.25262700000000005,
        0.6409,
        0.580068,
        0.5306000000000001,
        0.9,
        0.46940000000000004,
        0.62517
    ],
    "\uc5b4\ub514\uc5d0\ub3c4 No metter where": [
        0.264226,
        0.5955999999999999,
        0.6576759999999999,
        0.36360000000000003,
        0.684,
        0.6364,
        0.6571899999999999
    ],
    "Making a new ending for this story": [
        0.269592,
        0.6635,
        0.7176,
        0.2936,
        0.502,
        0.7064000000000001,
        0.6705
    ],
    "Fear": [
        0.18196400000000001,
        0.6255999999999999,
        0.5204840000000001,
        0.49760000000000004,
        0.864,
        0.5024000000000001,
        0.44921
    ],
    "Missing You": [
        0.33830800000000005,
        0.5869,
        0.6499000000000001,
        0.5287999999999999,
        0.954,
        0.47120000000000006,
        0.84025
    ],
    "\ubd04\uc774 \uc88b\ub0d0?? What The Spring??": [
        0.189146,
        0.2223,
        0.283436,
        0.7468,
        0.31800000000000006,
        0.25320000000000004,
        0.47009
    ],
    "Don't Be Shy": [
        0.15463300000000002,
        0.3403999999999999,
        0.22710400000000003,
        0.8686,
        0.25,
        0.13140000000000002,
        0.38026000000000004
    ],
    "BANG BANG BANG": [
        0.27251800000000004,
        0.6528,
        0.615622,
        0.5056,
        0.848,
        0.4944000000000001,
        0.675055
    ],
    "Eat": [
        0.183199,
        0.5751,
        0.59992,
        0.3018,
        0.608,
        0.6981999999999999,
        0.4558
    ],
    "No Make Up": [
        0.185424,
        0.45729999999999993,
        0.47281799999999996,
        0.49560000000000004,
        0.962,
        0.5044000000000001,
        0.460545
    ],
    "Shouldn't Have...": [
        0.343751,
        0.5823,
        0.6766340000000001,
        0.48140000000000005,
        0.884,
        0.5186000000000001,
        0.854585
    ],
    "Wi Ing Wi Ing \uc704\uc789\uc704\uc789": [
        0.251738,
        0.7037,
        0.6738500000000001,
        0.3736,
        0.586,
        0.6264000000000001,
        0.624125
    ],
    "LOSER": [
        0.181937,
        0.5627,
        0.48709399999999997,
        0.5266000000000001,
        0.976,
        0.47340000000000004,
        0.449735
    ],
    "BAE BAE": [
        0.281912,
        0.6075999999999999,
        0.638822,
        0.44760000000000005,
        0.804,
        0.5524,
        0.700055
    ],
    "Just (From Young)": [
        0.17279400000000003,
        0.6504000000000001,
        0.661602,
        0.2,
        0.368,
        0.8,
        0.430005
    ],
    "Yanghwa BRDG": [
        0.17553000000000002,
        0.5718,
        0.552222,
        0.3832,
        0.74,
        0.6168,
        0.435555
    ],
    "Spring Is Gone by chance": [
        0.198311,
        0.5397,
        0.466064,
        0.5898000000000001,
        0.8999999999999999,
        0.4102,
        0.49016
    ],
    "Love Again": [
        0.276898,
        0.6658,
        0.709708,
        0.32680000000000003,
        0.552,
        0.6732,
        0.6882699999999999
    ],
    "SHAKE IT": [
        0.240865,
        0.5593999999999999,
        0.471394,
        0.6802,
        0.778,
        0.31980000000000003,
        0.594985
    ],
    "Comes and Goes \uc640\ub9ac\uac00\ub9ac": [
        0.24194700000000002,
        0.47879999999999995,
        0.464784,
        0.6442,
        0.75,
        0.35580000000000006,
        0.59946
    ],
    "Up & Down": [
        0.226472,
        0.6797,
        0.597836,
        0.4640000000000001,
        0.754,
        0.536,
        0.56009
    ],
    "Heart Attack": [
        0.254896,
        0.44989999999999997,
        0.388186,
        0.8124,
        0.45399999999999996,
        0.1876,
        0.629965
    ],
    "Puss": [
        0.202774,
        0.376,
        0.281566,
        0.8784000000000001,
        0.272,
        0.1216,
        0.499915
    ],
    "Only You": [
        0.14022800000000002,
        0.7896,
        0.631286,
        0.2852,
        0.356,
        0.7148000000000001,
        0.34521500000000005
    ],
    "Two Lovers": [
        0.358489,
        0.39869999999999994,
        0.503824,
        0.7542000000000001,
        0.492,
        0.24580000000000002,
        0.89056
    ],