{
    "Can't Stop": [
        91.455,
        0.875,
        0.938,
        0.618,
        0.0179,
        0.0456,
        0.167
    ],
    "CARNIVAL": [
        148.144,
        0.311,
        0.811,
        0.594,
        0.189,
        0.159,
        0.339
    ],
    "Chippin' In": [
        86.986,
        0.391,
        0.938,
        0.555,
        0.00588,
        0.0421,
        0.15
    ],
    "A Like Supreme": [
        147.343,
        0.36,
        0.95,
        0.342,
        0.0493,
        0.184,
        0.0943
    ],
    "HOLUP!": [
        100.964,
        0.538,
        0.953,
        0.669,
        0.124,
        0.0634,
        0.302
    ],
    "Turn Down for What": [
        100.014,
        0.0815,
        0.799,
        0.818,
        0.00107,
        0.156,
        0.057
    ],
    "Arab human (feat. Choi Seong & WEST) (prod. KWON KI BAEK)": [
        168.997,
        0.384,
        0.96,
        0.57,
        0.0493,
        0.116,
        0.217
    ],
    "Still D.R.E.": [
        93.431,
        0.527,
        0.775,
        0.816,
        0.16,
        0.234,
        0.0543
    ],
    "YGGR#Hip Hop": [
        94.707,
        0.63,
        0.807,
        0.588,
        0.385,
        0.382,
        0.352
    ],
    "Whispers in My Head": [
        135.153,
        0.255,
        0.937,
        0.245,
        1.44e-05,
        0.196,
        0.327
    ],
    "Concentric Circles": [
        94.992,
        0.196,
        0.931,
        0.541,
        2.68e-05,
        0.0882,
        0.116
    ],
    "Natural": [
        99.994,
        0.22,
        0.611,
        0.704,
        0.217,
        0.041,
        0.0812
    ],
    "Stronger": [
        191.883,
        0.114,
        0.67,
        0.267,
        0.0232,
        0.0807,
        0.312
    ],
    "Black Dog": [
        119.99,
        0.274,
        0.836,
        0.622,
        0.0739,
        0.0383,
        0.205
    ],
    "The Ballad Of Buck Ravers": [
        96.047,
        0.317,
        0.941,
        0.598,
        0.000381,
        0.0493,
        0.349
    ],
    "The Phoenix": [
        138.064,
        0.411,
        0.964,
        0.561,
        0.000557,
        0.0719,
        0.579
    ],
    "Glory": [
        84.951,
        0.48,
        0.613,
        0.564,
        0.111,
        0.0318,
        0.0825
    ],
    "KOREA": [
        125.108,
        0.776,
        0.902,
        0.73,
        0.0165,
        0.268,
        0.261
    ],
    "Grow back (feat. Brown Tigger)": [
        140.019,
        0.39,
        0.778,
        0.812,
        0.106,
        0.178,
        0.0578
    ],
    "Garion (Feat. Dynamicduo) (Prod. Primary)": [
        184.019,
        0.603,
        0.833,
        0.527,
        0.112,
        0.381,
        0.146
    ],
    "On and on (feat. FANA)": [
        93.042,
        0.577,
        0.714,
        0.768,
        0.0543,
        0.365,
        0.108
    ],
    "THISISJUSTHIS": [
        105.09,
        0.873,
        0.841,
        0.703,
        0.0963,
        0.321,
        0.0933
    ],
    "No One (feat.Sunwoo Jung-A)": [
        92.118,
        0.675,
        0.895,
        0.551,
        0.113,
        0.276,
        0.0984
    ],
    "No One Likes Us (Prod. Nochang)": [
        78.126,
        0.368,
        0.854,
        0.617,
        0.0401,
        0.294,
        0.162
    ],
    "Bumper Car (Feat. NO:EL, Young B)": [
        120.041,
        0.812,
        0.955,
        0.724,
        0.169,
        0.0667,
        0.181
    ],
    "run! (feat. JUSTHIS)": [
        93.031,
        0.814,
        0.803,
        0.82,
        0.4,
        0.246,
        0.136
    ],
    "jail": [
        95.971,
        0.422,
        0.697,
        0.79,
        0.0226,
        0.0362,
        0.253
    ],
    "\ud558\uc5ec\uac00 (\u4f55\u5982\u6b4c) (\uc6b0\ub9ac \ub3d9\ub124 \uc74c\uc545\ub300\uc7a5)": [
        100.522,
        0.664,
        0.894,
        0.599,
        0.104,
        0.127,
        0.144
    ],
    "\ub3cc\ub369\uc774": [
        128.052,
        0.431,
        0.789,
        0.604,
        0.431,
        0.0703,
        0.108
    ],
    "Lazenca, Save Us (\uc6b0\ub9ac \ub3d9\ub124 \uc74c\uc545\ub300\uc7a5) (Bonus Track)": [
        92.593,
        0.358,
        0.957,
        0.401,
        0.374,
        0.145,
        0.265
    ],
    "No Difference (Rock Ver.)": [
        104.976,
        0.384,
        0.928,
        0.338,
        0.00175,
        0.195,
        0.222
    ],
    "Born Ready": [
        67.987,
        0.352,
        0.867,
        0.432,
        0.0816,
        0.0656,
        0.115
    ],
    "Riot": [
        97.767,
        0.151,
        0.542,
        0.509,
        0.019,
        0.442,
        0.23
    ],
    "Eye of the Tiger": [
        108.965,
        0.552,
        0.438,
        0.815,
        0.216,
        0.0346,
        0.0787
    ],
    "Love It If We Made It (Live from Madison Square Garden, New York, 07.11.22)": [
        95.011,
        0.363,
        0.914,
        0.537,
        0.00405,
        0.0365,
        0.888
    ],
    "TAIJI": [
        202.133,
        0.145,
        0.727,
        0.534,
        0.00313,
        0.327,
        0.0988
    ],
    "Kbveli (prod. Madeinsouthkorea)": [
        96.749,
        0.495,
        0.843,
        0.5,
        0.0125,
        0.0911,
        0.37
    ],
    "I AM": [
        81.022,
        0.326,
        0.74,
        0.581,
        0.0405,
        0.536,
        0.358
    ],
    "Shit": [
        160.233,
        0.78,
        0.717,
        0.63,
        0.122,
        0.316,
        0.159
    ],
    "Different": [
        144.009,
        0.766,
        0.851,
        0.857,
        0.189,
        0.169,
        0.085
    ],
    "Bulldozer": [
        148.986,
        0.749,
        0.917,
        0.644,
        0.0832,
        0.325,
        0.119
    ],
    "Bakchigi": [
        129.005,
        0.736,
        0.872,
        0.815,
        0.018,
        0.159,
        0.362
    ],
    "Dark Adaptation": [
        115.979,
        0.649,
        0.879,
        0.845,
        0.113,
        0.213,
        0.173
    ],
    "Whistle (feat. nafla, CHANGMO)": [
        127.949,
        0.555,
        0.977,
        0.642,
        0.0724,
        0.101,
        0.576
    ],
    "\ubd88\ud55c\ub2f9\uac00 (with \ub098\ucc30, \ud53c\ud0c0\uc785 & MC \uba54\ud0c0)": [
        87.995,
        0.658,
        0.916,
        0.689,
        0.167,
        0.343,
        0.0421
    ],
    "Neanderthal (feat. MINOS & JUSTHIS)": [
        93.892,
        0.861,
        0.88,
        0.542,
        0.422,
        0.364,
        0.396
    ],
    "G+Jus Freestyle (Prod. GroovyRoom) [From \"Show Me The Money 9 Special\"]": [
        93.047,
        0.452,
        0.908,
        0.509,
        0.093,
        0.382,
        0.121
    ],
    "Diablo": [
        131.9,
        0.46,
        0.861,
        0.668,
        0.139,
        0.282,
        0.195
    ],
    "Plug in Baby": [
        136.018,
        0.349,
        0.965,
        0.408,
        6.94e-06,
        0.05,
        0.11
    ],
    "Know Your Enemy": [
        117.413,
        0.623,
        0.857,
        0.575,
        0.0125,
        0.155,
        0.145
    ],
    "Dies Irae": [
        79.773,
        0.24,
        0.346,
        0.272,
        0.926,
        0.0317,
        0.0772
    ],
    "Meet Your Maker": [
        95.065,
        0.184,
        0.968,
        0.489,
        4.66e-05,
        0.108,
        0.0904
    ],
    "The Roots (Feat. JUSTHIS) (Prod. GroovyRoom)": [
        129.453,
        0.769,
        0.903,
        0.74,
        0.185,
        0.224,
        0.133
    ],
    "MOSS (Feat. MINO, BOBBY) (Prod. MINO)": [
        74.936,
        0.453,
        0.739,
        0.715,
        0.0458,
        0.309,
        0.0552
    ],